"","x","y"
"1",0.3534,0.2424
"2",0.1586,0.648
"3",0.6567,0.804
"4",0.111,0.3336
"5",0.6865,0.5595
"6",0.9833,0.8937
"7",0.638,0.1205
"8",0.2969,0.3538
"9",0.0317,0.7796
"10",0.3778,0.4045
"11",0.9893,0.6984
"12",0.1028,0.2669
"13",0.8503,0.3038
"14",0.4678,0.8416
"15",0.6802,0.0179
"16",0.6323,0.4518
"17",0.8722,0.1718
"18",0.9583,0.4706
"19",0.8743,0.2018
"20",0.2108,0.7527
"21",0.0381,0.4466
"22",0.7193,0.7029
"23",0.3111,0.8923
"24",0.9916,0.0541
"25",0.9124,0.3693
"26",0.5989,0.6432
"27",0.1308,0.8976
"28",0.4007,0.4675
"29",0.9031,0.7701
"30",0.8874,0.4275
"31",0.7632,0.7493
"32",0.7833,0.1973
"33",0.4546,0.6641
"34",0.2614,0.8144
"35",0.1586,0.9378
"36",0.3084,0.2185
"37",0.6063,0.2739
"38",0.8686,0.8794
"39",0.2956,0.6173
"40",0.5173,0.4456
"41",0.1024,0.8455
"42",0.4539,0.8891
"43",0.564,0.3606
"44",0.6512,0.3604
"45",0.5714,0.1398
"46",0.0165,0.4825
"47",0.4687,0.9001
"48",0.4246,0.7647
"49",0.3527,0.0422
"50",0.6365,0.4807
"51",0.8704,0.8885
"52",0.6957,0.9764
"53",0.0138,0.4462
"54",0.7447,0.1102
"55",0.7596,0.6253
"56",0.7104,0.4645
"57",0.9959,0.4385
"58",0.9817,0.1327
"59",0.3039,0.215
"60",0.3688,0.6883
"61",0.08,0.8621
"62",0.0796,0.9864
"63",0.8359,0.8543
"64",0.6302,0.9751
"65",0.3857,0.0119
"66",0.4613,0.2579
"67",0.9432,0.9575
"68",0.3904,0.239
"69",0.9467,0.1372
"70",0.2695,0.4039
"71",0.5822,0.9418
"72",0.7727,0.1727
"73",0.2578,0.8377
"74",0.8102,0.3513
"75",0.6685,0.7546
"76",0.6036,0.6792
"77",0.1844,0.2497
"78",0.5388,0.4621
"79",0.2323,0.9535
"80",0.2494,0.9162
"81",0.8139,0.7965
"82",0.5803,0.1096
"83",0.4755,0.804
"84",0.0781,0.6896
"85",0.6364,0.963
"86",0.2039,0.5781
"87",0.8731,0.9845
"88",0.9577,0.5418
"89",0.9352,0.4937
"90",0.8485,0.2419
"91",0.8096,0.763
"92",0.2298,0.6397
"93",0.0875,0.1214
"94",0.0598,0.0933
"95",0.7661,0.3149
"96",0.4073,0.4255
"97",0.1329,0.7068
"98",0.8024,0.0363
"99",0.9127,0.1611
"100",0.8491,0.0638
"101",0.4819,0.6177
"102",0.7673,0.5072
"103",0.9357,0.9537
"104",0.5808,0.4049
"105",0.6264,0.6521
"106",0.0769,0.8354
"107",0.2927,0.5397
"108",0.8167,0.423
"109",0.5961,0.8647
"110",0.1853,0.894
"111",0.2757,0.1302
"112",0.3095,0.1383
"113",0.672,0.4788
"114",0.6489,0.1374
"115",0.9933,0.2901
"116",0.344,0.1056
"117",0.9857,0.1645
"118",0.1351,0.7551
"119",0.1615,0.308
"120",0.5932,0.5105
"121",0.0611,0.0276
"122",0.9896,0.2974
"123",0.3126,0.653
"124",0.2984,0.0605
"125",0.0453,0.9812
"126",0.1387,0.5272
"127",0.1888,0.1746
"128",0.6355,0.0951
"129",0.7822,0.161
"130",0.4354,0.7356
"131",0.8265,0.1489
"132",0.2557,0.3646
"133",0.8173,0.6443
"134",0.3928,0.6789
"135",0.1862,0.4829
"136",0.163,0.7795
"137",0.1826,0.1856
"138",0.8357,0.1416
"139",0.3689,0.6117
"140",0.5574,0.8135
"141",0.2066,0.5636
"142",0.2204,0.0834
"143",0.594,0.0604
"144",0.4619,0.7559
"145",0.0842,0.5206
"146",0.3731,0.7167
"147",0.749,0.5639
"148",0.1341,0.1655
"149",0.572,0.5941
"150",0.4521,0.0641
"151",0.5188,0.7751
"152",0.3884,0.9149
"153",0.4727,0.485
"154",0.299,0.8248
"155",0.8313,0.4614
"156",0.8354,0.9154
"157",0.9173,0.1306
"158",0.3345,0.1843
"159",0.0247,0.3671
"160",0.2653,0.0874
"161",0.8588,0.1503
"162",0.1703,0.0268
"163",0.5779,0.3885
"164",0.0681,0.6706
"165",0.8644,0.0778
"166",0.2131,0.7008
"167",0.726,0.7041
"168",0.977,0.6716
"169",0.0044,0.5349
"170",0.7992,0.5004
"171",0.6205,0.897
"172",0.2261,0.1344
"173",0.5888,0.0848
"174",0.4996,0.1713
"175",0.1397,0.1826
"176",0.3338,0.9914
"177",0.9615,0.0185
"178",0.8698,0.1258
"179",0.0727,0.5603
"180",0.5062,0.1321
"181",0.5942,0.49
"182",0.7042,0.0465
"183",0.9373,0.1313
"184",0.5985,0.7289
"185",0.5443,0.2175
"186",0.5171,0.7176
"187",0.2448,0.4297
"188",0.7521,0.9324
"189",0.2505,0.8364
"190",0.657,0.2072
"191",0.609,0.7309
"192",0.0496,0.6076
"193",0.4589,0.7025
"194",0.5089,0.2881
"195",0.5857,0.9399
"196",0.978,0.5588
"197",0.8336,0.3372
"198",0.647,0.3758
"199",0.3475,0.0041
"200",0.1081,0.0256
"201",0.5063,0.0481
"202",0.6263,0.5353
"203",0.926,0.9681
"204",0.4564,0.9823
"205",0.2739,0.6816
"206",0.7453,0.0547
"207",0.363,0.296
"208",0.9287,0.7253
"209",0.34,0.153
"210",0.531,0.9487
"211",0.5162,0.7391
"212",0.414,0.7646
"213",0.7035,0.1211
"214",0.6768,0.6273
"215",0.0874,0.9352
"216",0.922,0.7962
"217",0.6125,0.3632
"218",0.2462,0.8051
"219",0.2679,0.7906
"220",0.5336,0.5787
"221",0.6076,0.204
"222",0.6675,0.0376
"223",0.1686,0.1235
"224",0.5354,0.0636
"225",0.7555,0.8032
"226",0.1939,0.3316
"227",0.499,0.2628
"228",0.2996,0.6014
"229",0.6134,0.7292
"230",0.3567,0.936
"231",0.4427,0.0964
"232",0.6172,0.3651
"233",0.3107,0.2472
"234",0.6871,0.9596
"235",0.6116,0.5788
"236",0.6914,0.5179
"237",0.0289,0.7619
"238",0.6893,0.337
"239",0.5441,0.7178
"240",0.3828,0.0283
"241",0.7334,0.3893
"242",0.164,0.7826
"243",0.3843,0.0456
"244",0.3975,0.9258
"245",0.5119,0.1009
"246",0.463,0.3808
"247",0.9336,0.4026
"248",0.4345,0.8484
"249",0.3266,0.6879
"250",0.9309,0.3364
"251",0.5144,0.1593
"252",0.1714,0.03
"253",0.745,0.4078
"254",0.7261,0.417
"255",0.8121,0.1684
"256",0.0046,0.3277
"257",0.2592,0.3571
"258",0.5837,0.2761
"259",0.6699,0.4098
"260",0.5595,0.7608
"261",0.1233,0.0435
"262",0.5999,0.1766
"263",0.1588,0.123
"264",0.2881,0.7195
"265",0.3806,0.6957
"266",0.9902,0.3252
"267",0.9303,0.7342
"268",0.4267,0.3042
"269",0.7087,0.2454
"270",0.4581,0.7042
"271",0.6826,0.8839
"272",0.3971,0.2364
"273",0.9649,0.5097
"274",0.6305,0.9581
"275",0.2886,0.721
"276",0.2482,0.1512
"277",0.1915,0.6876
"278",0.6052,0.7678
"279",0.06,0.2898
"280",0.2278,0.9309
"281",0.1077,0.6836
"282",0.5078,0.1023
"283",0.8843,0.5263
"284",0.2067,0.3824
"285",0.023,0.6009
"286",0.7772,0.711
"287",0.8219,0.8309
"288",0.4096,0.3006
"289",0.6131,0.5698
"290",0.0256,0.1594
"291",0.3793,0.7217
"292",0.5038,0.3892
"293",0.0316,0.047
"294",0.6897,0.539
"295",0.3638,0.2199
"296",0.3985,0.8975
"297",0.2128,0.7868
"298",0.4244,0.6214
"299",0.2489,0.7147
"300",0.8957,0.5543
"301",0.4178,0.8681
"302",0.8126,0.9592
"303",0.3679,0.0534
"304",0.8576,0.2943
"305",0.6935,0.1777
"306",0.87,0.3524
"307",0.0773,0.2219
"308",0.042,0.9476
"309",0.5461,0.5133
"310",0.052,0.2068
"311",0.9774,0.371
"312",0.0053,0.1431
"313",0.6974,0.1787
"314",0.91,0.745
"315",0.5566,0.0493
"316",0.5567,0.2374
"317",0.9158,0.5363
"318",0.6187,0.9041
"319",0.3376,0.7131
"320",0.2435,0.7143
"321",0.7254,0.8395
"322",0.1355,0.4633
"323",0.9516,0.1145
"324",0.4255,0.769
"325",0.4363,0.1178
"326",0.3815,0.2407
"327",0.8386,0.7346
"328",0.8971,0.5265
"329",0.3673,0.9124
"330",0.2732,0.4715
"331",0.5823,0.8474
"332",0.5268,0.3507
"333",0.3775,0.0537
"334",0.1698,0.1239
"335",0.9692,0.4101
"336",0.2765,0.2662
"337",0.5538,0.7187
"338",0.7265,0.3732
"339",0.2356,0.2076
"340",0.1652,0.2024
"341",0.3624,0.0258
"342",0.4348,0.401
"343",0.6682,0.948
"344",0.0996,0.0432
"345",0.3318,0.5795
"346",0.4754,0.2968
"347",0.155,0.7923
"348",0.7043,0.2913
"349",0.1716,0.008
"350",0.6777,0.8195
"351",0.0056,0.1729
"352",0.1603,0.8328
"353",0.905,0.8035
"354",0.931,0.1957
"355",0.9979,0.3578
"356",0.8687,0.2366
"357",0.6631,0.0706
"358",0.5852,0.7789
"359",0.3816,0.5909
"360",0.239,0.7677
"361",0.0196,0.7807
"362",0.9826,0.4418
"363",0.3432,0.1386
"364",0.5452,0.0264
"365",0.9072,0.139
"366",0.5036,0.1034
"367",0.8372,0.5974
"368",0.2987,0.5557
"369",0.8864,0.6991
"370",0.8483,0.7402
"371",0.0561,0.9035
"372",0.4158,0.9733
"373",0.8085,0.1788
"374",0.4449,0.7284
"375",0.1396,0.674
"376",0.2439,0.5855
"377",0.7819,0.159
"378",0.0203,0.9343
"379",0.3911,0.6936
"380",0.2613,0.5806
"381",0.8029,0.5466
"382",0.2856,0.9049
"383",0.3439,0.5374
"384",0.8512,0.1918
"385",0.5179,0.9247
"386",0.6154,0.5735
"387",0.6832,0.3891
"388",0.157,0.3534
"389",0.8669,0.6877
"390",0.295,0.0383
"391",0.5591,0.0288
"392",0.7181,0.8221
"393",0.7229,0.4521
"394",0.2385,0.4694
"395",0.9497,0.7949
"396",0.4654,0.31
"397",0.1091,0.7577
"398",0.6361,0.1631
"399",0.971,0.5676
"400",0.8498,0.4819
"401",0.4815,0.8224
"402",0.7153,0.3635
"403",0.0383,0.5157
"404",0.0625,0.3703
"405",0.8453,0.1598
"406",0.1736,0.7739
"407",0.2607,0.8418
"408",0.1513,0.1521
"409",0.6086,0.3803
"410",0.8488,0.2383
"411",0.4601,0.8965
"412",0.5881,0.9974
"413",0.746,0.981
"414",0.3503,0.0712
"415",0.4933,0.1994
"416",0.2915,0.4315
"417",0.6568,0.471
"418",0.7174,0.8997
"419",0.5543,0.2107
"420",0.3027,0.8796
"421",0.9939,0.7649
"422",0.8056,0.609
"423",0.9988,0.8471
"424",0.5107,0.9228
"425",0.9575,0.0202
"426",0.9508,0.5139
"427",0.9224,0.4556
"428",0.244,0.7779
"429",0.0573,0.904
"430",0.1404,0.8109
"431",0.5182,0.2468
"432",0.6654,0.5569
"433",0.3101,0.5465
"434",0.6188,0.1168
"435",0.9008,0.5211
"436",0.3427,0.247
"437",0.5194,0.5182
"438",0.3278,0.3162
"439",0.8484,0.1343
"440",0.7917,0.3998
"441",0.329,0.5752
"442",0.2084,0.7768
"443",0.5159,0.6085
"444",0.7165,0.9198
"445",0.6195,0.3114
"446",0.8797,0.3829
"447",0.6395,0.9916
"448",0.2716,0.8054
"449",0.9369,0.7082
"450",0.2738,0.3491
"451",0.2336,0.4562
"452",0.3109,0.4903
"453",0.6373,0.2423
"454",0.064,0.5314
"455",0.1193,0.5423
"456",0.4253,0.6335
"457",0.8221,0.8991
"458",0.316,0.7987
"459",0.2236,0.0875
"460",0.8525,0.4479
"461",0.9449,0.1295
"462",0.8347,0.0736
"463",0.0215,0.65
"464",0.0083,0.0046
"465",0.017,0.0261
"466",0.8933,0.5919
"467",0.4357,0.4781
"468",0.9109,0.484
"469",0.817,0.0235
"470",0.0217,0.966
"471",0.767,0.4203
"472",0.0601,0.1565
"473",0.1951,0.5851
"474",0.5626,0.8007
"475",0.2361,0.6144
"476",0.5526,0.6655
"477",0.1789,0.2823
"478",0.5335,0.6663
"479",0.8244,0.4485
"480",0.1125,0.0717
"481",0.7729,0.2431
"482",0.433,0.7242
"483",0.126,0.5934
"484",0.6839,0.5333
"485",0.029,0.3176
"486",0.9003,0.4821
"487",0.5266,0.433
"488",0.6437,0.4765
"489",0.2577,0.1274
"490",0.3889,0.2045
"491",0.1903,0.8507
"492",0.9244,0.1542
"493",0.5272,0.3133
"494",0.1766,0.9854
"495",0.7506,0.3707
"496",0.1101,0.8617
"497",0.9747,0.9248
"498",0.7503,0.0158
"499",0.791,0.367
"500",0.4674,0.75
"501",0.9629,0.4784
"502",0.4222,0.8182
"503",0.8869,0.5626
"504",0.6716,0.2624
"505",0.2396,0.7103
"506",0.3792,0.4979
"507",0.0806,0.1265
"508",0.7207,0.322
"509",0.0063,0.8443
"510",0.1767,0.9824
"511",0.1223,0.0424
"512",0.3169,0.3878
"513",0.9529,0.3731
"514",0.4807,0.4622
"515",0.7439,0.1104
"516",0.6222,0.652
"517",0.9348,0.9736
"518",0.9196,0.1902
"519",0.9229,0.0184
"520",0.2914,0.3807
"521",0.8676,0.8486
"522",0.1359,0.6398
"523",0.2325,0.4965
"524",0.0516,0.6063
"525",0.1974,0.5042
"526",0.3143,0.4291
"527",0.7984,0.9434
"528",0.7643,0.5408
"529",0.8828,0.5978
"530",0.9688,0.7157
"531",0.5246,0.043
"532",0.8875,0.4983
"533",0.0139,0.3019
"534",0.1476,0.3661
"535",0.5719,0.2876
"536",0.6506,0.1599
"537",0.1287,0.9511
"538",0.7249,0.4756
"539",0.3727,0.4484
"540",0.0508,0.0413
"541",0.6915,0.6258
"542",0.6349,0.2235
"543",0.7232,0.7089
"544",0.6977,0.2613
"545",0.6168,0.4495
"546",0.3528,0.1874
"547",0.3303,0.37
"548",0.8006,0.2313
"549",0.1255,0.9447
"550",0.0045,0.4893
"551",0.8088,0.9721
"552",0.4561,0.9053
"553",0.1885,0.1806
"554",0.6999,0.3054
"555",0.4903,0.5217
"556",0.1249,0.3178
"557",0.6973,0.7108
"558",0.0075,0.4161
"559",0.1478,0.5377
"560",0.8228,0.1459
"561",0.4896,0.2895
"562",0.0137,0.2312
"563",0.885,0.0808
"564",0.3691,0.3725
"565",0.7277,0.0236
"566",0.9248,0.048
"567",0.5965,0.7815
"568",0.597,0.0206
"569",0.7745,0.9002
"570",0.8356,0.5128
"571",0.268,0.7969
"572",0.4758,0.6094
"573",0.4003,0.9316
"574",0.8175,0.0792
"575",0.1444,0.511
"576",0.7347,0.7755
"577",0.0726,0.7964
"578",0.9418,0.3827
"579",0.4698,0.1625
"580",0.8163,0.9477
"581",0.0576,0.6357
"582",0.0647,0.7763
"583",0.6308,0.5814
"584",0.705,0.1128
"585",0.521,0.1151
"586",0.1039,0.8809
"587",0.4085,0.6702
"588",0.3962,0.7224
"589",0.3976,0.9886
"590",0.5186,0.8917
"591",0.4179,0.115
"592",0.5972,0.1339
"593",0.4802,0.9115
"594",0.8145,0.4557
"595",0.4512,0.2188
"596",0.635,0.6164
"597",0.6447,0.6453
"598",0.853,0.3497
"599",0.4214,0.97
"600",0.7417,0.1694
"601",0.4501,0.736
"602",0.8734,0.5074
"603",0.0707,0.3794
"604",0.393,0.6422
"605",0.1666,0.627
"606",0.2339,0.2774
"607",0.2433,0.0112
"608",0.0348,0.0064
"609",0.996,0.6878
"610",0.0434,0.8925
"611",0.556,0.8585
"612",0.3276,0.3894
"613",0.1064,0.4758
"614",0.2091,0.421
"615",0.6541,0.614
"616",0.8147,0.4213
"617",0.525,0.2863
"618",0.601,0.1071
"619",0.312,0.2306
"620",0.6407,0.1099
"621",0.0127,0.3815
"622",0.3507,0.4774
"623",0.7425,0.7462
"624",0.7293,0.1426
"625",0.1674,0.783
"626",0.1507,0.6931
"627",0.1126,0.4113
"628",0.9333,0.7617
"629",0.8187,0.3554
"630",0.8428,0.643
"631",0.5868,0.6125
"632",0.9504,0.3335
"633",0.2598,0.2375
"634",0.1886,0.8193
"635",0.506,0.2276
"636",0.5689,0.2575
"637",0.5614,0.9506
"638",0.673,0.1956
"639",0.8494,0.821
"640",0.8693,0.3584
"641",0.474,0.4742
"642",0.7656,0.7132
"643",0.3564,0.1861
"644",0.0551,0.5757
"645",0.8222,0.6
"646",0.6761,0.7479
"647",0.5871,0.2544
"648",0.7544,0.4662
"649",0.3538,0.1559
"650",0.222,0.5229
"651",0.1288,0.8688
"652",0.5044,0.8181
"653",0.0529,0.5549
"654",0.5734,0.817
"655",0.9291,0.1893
"656",0.5813,0.7893
"657",0.5185,0.2395
"658",0.8364,0.573
"659",0.2341,0.0561
"660",0.2304,0.2871
"661",0.8273,0.1848
"662",0.0626,0.8095
"663",0.3049,0.9936
"664",0.0119,0.9079
"665",0.4608,0.3131
"666",0.3148,0.4239
"667",0.3064,0.3699
"668",0.7466,0.3869
"669",0.7486,0.6779
"670",0.0362,0.2081
"671",0.9978,0.7002
"672",0.6247,0.2477
"673",0.3402,0.4235
"674",0.4695,0.6494
"675",0.7234,0.4267
"676",0.1346,0.5702
"677",0.1215,0.1575
"678",0.5471,0.0836
"679",0.6255,0.5266
"680",0.1418,0.7911
"681",0.1726,0.1406
"682",0.9737,0.7501
"683",0.5175,0.7517
"684",0.8191,0.209
"685",0.4353,0.196
"686",0.9375,0.551
"687",0.0502,0.3735
"688",0.8071,0.2277
"689",0.9677,0.535
"690",0.8963,0.0956
"691",0.6703,0.5052
"692",0.2553,0.6834
"693",0.3573,0.9576
"694",0.553,0.5305
"695",0.7118,0.7873
"696",0.5772,0.7813
"697",0.8526,0.779
"698",0.22,0.4535
"699",0.9228,0.3033
"700",0.422,0.6251
"701",0.7549,0.2333
"702",0.1167,0.1515
"703",0.1927,0.4857
"704",0.1531,0.9454
"705",0.3942,0.7989
"706",0.7304,0.6646
"707",0.5481,0.8828
"708",0.0852,0.44
"709",0.364,0.4953
"710",0.1473,0.7992
"711",0.8003,0.1012
"712",0.2928,0.069
"713",0.0945,0.6276
"714",0.7462,0.188
"715",0.6094,0.5842
"716",0.9028,0.2979
"717",0.1296,0.2616
"718",0.0509,0.0757
"719",0.0118,0.9456
"720",0.7649,0.4118
"721",0.9134,0.3173
"722",0.0401,0.8143
"723",0.0098,0.7844
"724",0.8248,0.1757
"725",0.2997,0.4184
"726",0.0097,0.6699
"727",0.7255,0.0458
"728",0.5948,0.9704
"729",0.1268,0.9029
"730",0.4489,0.998
"731",0.4957,0.9676
"732",0.6523,0.7952
"733",0.8564,0.0817
"734",0.5411,0.86
"735",0.7893,0.9362
"736",0.0456,0.2719
"737",0.878,0.0562
"738",0.6647,0.3249
"739",0.3906,0.4288
"740",0.6931,0.4442
"741",0.8293,0.5654
"742",0.2008,0.9659
"743",0.1573,0.5469
"744",0.9487,0.1971
"745",0.1932,0.5354
"746",0.9736,0.6299
"747",0.3918,0.4281
"748",0.291,0.3261
"749",0.4124,0.657
"750",0.1975,0.0785
"751",0.7773,0.7553
"752",0.124,0.9964
"753",0.943,0.3557
"754",0.4298,0.1137
"755",0.3708,0.4133
"756",0.7608,0.6982
"757",0.7575,0.2289
"758",0.3628,0.561
"759",0.9338,0.4654
"760",0.4498,0.7302
"761",0.7952,0.0077
"762",0.5826,0.7218
"763",0.3079,0.9691
"764",0.7355,0.1799
"765",0.1381,0.8435
"766",0.0251,0.5018
"767",0.1545,0.3271
"768",0.4281,0.6042
"769",0.9515,0.6091
"770",0.8714,0.969
"771",0.8632,0.842
"772",0.1777,0.404
"773",0.2931,0.0419
"774",0.2658,0.3168
"775",0.8622,0.5399
"776",0.1007,0.019
"777",0.7373,0.3772
"778",0.3146,0.4111
"779",0.6123,0.1387
"780",0.4092,0.0109
"781",0.5299,0.0217
"782",0.1328,0.5395
"783",0.6229,0.6006
"784",0.3412,0.039
"785",0.6121,0.7357
"786",0.0132,0.5938
"787",0.9477,0.6074
"788",0.5521,0.8034
"789",0.8164,0.3113
"790",0.7651,0.5759
"791",0.1647,0.4086
"792",0.5975,0.3806
"793",0.5553,0.3449
"794",0.9757,0.2119
"795",0.0061,0.0818
"796",0.4072,0.4313
"797",0.5879,0.6587
"798",0.1076,0.0354
"799",0.2949,0.2784
"800",0.5668,0.6944
"801",0.254361398447658,0.282985917521857
"802",0.235901979849378,0.169588793506904
"803",0.317449121247279,0.214124476699687
"804",0.355260762250753,0.269191641807064
"805",0.261019590920024,0.324740365686376
"806",0.260871173431846,0.361631583298472
"807",0.284149504147879,0.128091403105175
"808",0.453482623727399,0.282230157303408
"809",0.337867614131619,0.220519624835576
"810",0.308672002095447,0.270283235642013
"811",0.365160799959718,0.288100569000691
"812",0.389884532175241,0.240787101115845
"813",0.498329657119692,0.234220637172463
"814",0.279410049832032,0.103684539821783
"815",0.380367294632955,0.336528296908592
"816",0.303481566857311,0.184789031296799
"817",0.423192279327139,0.203731300450035
"818",0.273105997630927,0.285444363253953
"819",0.322984630171168,0.175419062829517
"820",0.283684352726156,0.242093221203792
"821",0.227998762969464,0.247225476037334
"822",0.404180468335797,0.246633629882625
"823",0.355512948157564,0.156263054361239
"824",0.276921890065769,0.403289827030341
"825",0.560087855231916,0.157531911471365
"826",0.28774056240684,0.328752845661285
"827",0.366528493611463,0.164983775267678
"828",0.293118172743184,0.245087706668787
"829",0.259633890511834,0.3817303649949
"830",0.512508146114762,0.332959153932841
"831",0.382918247774571,0.269685971286666
"832",0.485485793306697,0.157486673009814
"833",0.375105733272548,0.321503664972053
"834",0.35350707690744,0.187583050440219
"835",0.364226595958562,0.243672302307135
"836",0.263858163153678,0.196371053924777
"837",0.341273920440891,0.24782266838918
"838",0.402633605602764,0.276843015978604
"839",0.292091857620774,0.184697529455639
"840",0.247188611338264,0.19901793824517
"841",0.296198580149265,0.0814036752765263
"842",0.36847176333664,0.233960549351153
"843",0.427679855816526,0.285222620367784
"844",0.31180687881135,0.272465751598066
"845",0.363705639181047,0.375758474405762
"846",0.457776244057212,0.252140572729829
"847",0.334692105362452,0.288269272470266
"848",0.363946545897457,0.320878015492341
"849",0.410865045868711,0.272741835488291
"850",0.278033671879816,0.118455938995544
"851",0.326940129260966,0.111963188281069
"852",0.4925812530612,0.414631688473674
"853",0.341741894814154,0.232605211629204
"854",0.462577407211214,0.241310067367256
"855",0.289828613608987,0.27629091517432
"856",0.236170841164618,0.163131314004748
"857",0.350308693344383,0.147833735256766
"858",0.192450307759514,0.29119233749746
"859",0.309125477069301,0.303553185359191
"860",0.222511861376673,0.214563498828473
"861",0.464246271045128,0.31329864780745
"862",0.535136461912028,0.0863141589948068
"863",0.31724466988855,0.163026680294292
"864",0.342056949239531,0.331021781918842
"865",0.411053971155935,0.120551474402818
"866",0.325054032253825,0.0783716678599962
"867",0.250909616058712,0.205994189660302
"868",0.442282210977675,0.261454622772835
"869",0.404134008724012,0.194743033483854
"870",0.290926318885754,0.270639975065489
"871",0.358786663168175,0.358253105941816
"872",0.360672163727374,0.217897119832387
"873",0.294136682012999,0.168756852718747
"874",0.213793379504555,0.158955216462987
"875",0.211673010542279,0.143422012267984
"876",0.37830808425129,0.322301625300443
"877",0.3308781440726,0.226485243735576
"878",0.242777124384697,0.326921452743163
"879",0.307718610904199,0.266029654878007
"880",0.255412862275632,0.186321540468745
"881",0.333836069098008,0.282477117278116
"882",0.365848116994901,0.210537422647598
"883",0.317867286560656,0.12373928055583
"884",0.483028396738284,0.145668681917287
"885",0.393907587585622,0.270901188309568
"886",0.332800349402712,0.109566667252568
"887",0.355362833244498,0.393585752547909
"888",0.363250922642514,0.256556413299905
"889",0.367233571701492,0.281630714002166
"890",0.22082826797415,0.224164653020424
"891",0.436965100263129,0.19098801469948
"892",0.392302249846048,0.291065753595082
"893",0.362834487247898,0.213825358913318
"894",0.35443294008525,0.264903883150471
"895",0.356538928391929,0.189542971244097
"896",0.330681616939428,0.199238148392593
"897",0.31534043502623,0.252231134354326
"898",0.243811748344724,0.253274991929165
"899",0.410972090019345,0.379133052203919
"900",0.247308620894964,0.230189198990101
"901",0.350848289440525,0.418184014854939
"902",0.432787514785204,0.213064705081996
"903",0.455654967698286,0.239501386586607
"904",0.361856583321666,0.291402357285899
"905",0.325955770336806,0.351063495960387
"906",0.357020458204101,0.233026126572557
"907",0.379051908639801,0.282449876868174
"908",0.25197903854147,0.168083104009774
"909",0.29165154214592,0.394830789147102
"910",0.3919152107075,0.304749417506768
"911",0.468580773874652,0.197164968197567
"912",0.385104030557887,0.186694019807155
"913",0.279173390170491,0.173232699328326
"914",0.325612509877689,0.0788682318728643
"915",0.315515381918373,0.13712544214771
"916",0.31729765511663,0.256512864117431
"917",0.23554231411884,0.201676164470225
"918",0.437754064041234,0.307260785394608
"919",0.394965611369502,0.236692990443964
"920",0.432374737554976,0.191456735337689
"921",0.400235988046158,0.310551303087906
"922",0.32435165328538,0.345056733347939
"923",0.295786539288655,0.146084155195298
"924",0.42015162279087,0.314730279059998
"925",0.308412061598846,0.117663317851094
"926",0.288117343496065,0.256598065719099
"927",0.514718790541456,0.3042221807846
"928",0.339278132840733,0.260677108308912
"929",0.285821731059825,0.278664163563379
"930",0.231990712965215,0.250605592863822
"931",0.417632262786071,0.219293150068002
"932",0.365037693560102,0.281496952081038
"933",0.403495429666482,0.198939197878567
"934",0.386163573932434,0.205005587076161
"935",0.393596066203807,0.197123009618918
"936",0.377810336971658,0.270690260602064
"937",0.350096311420354,0.291777264008223
"938",0.405256225788996,0.243160043252573
"939",0.526546628728289,0.369577193185602
"940",0.374191320637102,0.15413106356625
"941",0.199979072674058,0.256113483143729
"942",0.311745583419563,0.208072398176733
"943",0.423913442576297,0.113025376565621
"944",0.339210447403328,0.322507191157153
"945",0.267723836310159,0.321085221001858
"946",0.366878205658132,0.386765311938746
"947",0.308371648627686,0.308084170965313
"948",0.221885653890539,0.137010754384845
"949",0.316260933826082,0.19828538286665
"950",0.421916885020064,0.372719366721086
"951",0.445092021688644,0.209781312756883
"952",0.427043963587938,0.109640428184511
"953",0.340662076191661,0.0547944636075765
"954",0.292566531383674,0.258908604847931
"955",0.351736712070565,0.351976484931246
"956",0.368857519798433,0.40976759480391
"957",0.327662127425413,0.177338722520465
"958",0.36905188283639,0.233444845764624
"959",0.409669640954784,0.231399333751646
"960",0.368657601005593,0.112739366074729
"961",0.304302039572903,0.327213461582368
"962",0.467623414604791,0.220209774490298
"963",0.316498986745338,0.330154917475819
"964",0.274665513501512,0.235359011727737
"965",0.337021888834796,0.23472869071396
"966",0.426810038222441,0.161367287534181
"967",0.394953118928179,0.254678054894156
"968",0.345341058647105,0.165317507625132
"969",0.225483769674267,0.156060623755763
"970",0.359978940746148,0.0900159111054455
"971",0.292995579908223,0.177576892040838
"972",0.423717520298078,0.166730223613582
"973",0.361612166322395,0.256091453334144
"974",0.373022550007697,0.338772161896381
"975",0.337625051366568,0.269904383535039
"976",0.343466257997106,0.175252708707314
"977",0.184474771855656,0.148252721502428
"978",0.288928189115295,0.322566717389293
"979",0.449960418412766,0.13629724419893
"980",0.373674951073715,0.240059161116829
"981",0.433017586296573,0.149333472904814
"982",0.348682729015866,0.178539859224882
"983",0.392349242544649,0.383533666869122
"984",0.337017028027494,0.329795443798351
"985",0.219635646381007,0.21878200978895
"986",0.407533409838272,0.272572864630682
"987",0.281961573495028,0.248843674654881
"988",0.447669624529668,0.276582717411928
"989",0.475584957416076,0.273613532565103
"990",0.570931721932658,0.239561644185547
"991",0.223253155114488,0.271874804984069
"992",0.420171173910642,0.129099255735459
"993",0.338390724606845,0.296537572974042
"994",0.4180061767992,0.0925054594201235
"995",0.325699692940944,0.225191636641306
"996",0.335701819542707,0.350965577812966
"997",0.414500044288344,0.163391052250406
"998",0.230558326414218,0.239069703380771
"999",0.362685301227465,0.298249564681216
"1000",0.310554478010846,0.251716891712581
"1001",0.25741655174012,0.20487301958015
"1002",0.293692150700459,0.281727355139235
"1003",0.327091203657827,0.20451755615705
"1004",0.244978547330179,0.243787797627401
"1005",0.33774299169441,0.355824829602895
"1006",0.369060872933815,0.108611742541859
"1007",0.336522261171644,0.182053708464078
"1008",0.37372221378185,0.237644700442496
"1009",0.294726648205866,0.318254330850665
"1010",0.385126192163202,0.268662345094903
"1011",0.303921013177299,0.229953073644586
"1012",0.251734323718503,0.299235835825313
"1013",0.278056604741841,0.247681026579375
"1014",0.404387517859973,0.217614582204495
"1015",0.331065930291911,0.342384489191715
"1016",0.348996704835801,0.293811860499594
"1017",0.447311433798282,0.111127959129585
"1018",0.438374296239769,0.331436789900488
"1019",0.470290463019054,0.303489100607116
"1020",0.356606602400219,0.33936730797776
"1021",0.264373376829566,0.173398199768844
"1022",0.280035200409044,0.207352455084575
"1023",0.351276812117454,0.334933400225343
"1024",0.329469945459948,0.338747903064878
"1025",0.401789705805729,0.261214728129603
"1026",0.37354725122486,0.227864149004547
"1027",0.218475912463878,0.283403314586976
"1028",0.334044017785286,0.174526281635662
"1029",0.373227076980845,0.236615907229893
"1030",0.459161020013449,0.0518049432207251
"1031",0.376858238447513,0.260817424017733
"1032",0.278655749564171,0.328097548213423
"1033",0.338185771928231,0.276508471741923
"1034",0.412421785403944,0.273919738393538
"1035",0.317868761489849,0.236985685695476
"1036",0.3032904808712,0.202660762756317
"1037",0.337799513232629,0.36897762908691
"1038",0.357550734663323,0.201557401235306
"1039",0.341160132804685,0.277576924177929
"1040",0.319870463261842,0.175107741460427
"1041",0.535798449547928,0.232552997762191
"1042",0.227815739808309,0.377296000199762
"1043",0.251986442261876,0.174007918954422
"1044",0.460931513547182,0.434480616924439
"1045",0.311486776672466,0.313692583307829
"1046",0.453161671979946,0.300622092710072
"1047",0.310765126273022,0.369301628893621
"1048",0.425944911789012,0.258533779236206
"1049",0.317892217595708,0.200451427479133
"1050",0.375272938862934,0.278938701619777
"1051",0.302565007580562,0.318416971208924
"1052",0.420543347252747,0.300202468590548
"1053",0.449510894760526,0.212175643329992
"1054",0.508811380296056,0.253697415593866
"1055",0.37080524348131,0.243957386614364
"1056",0.220302392924616,0.139360627634317
"1057",0.365084045305704,0.220529201775802
"1058",0.317776156845138,0.36032493450864
"1059",0.31719135260167,0.207321010388535
"1060",0.456265369827474,0.251969017008079
"1061",0.224399310951435,0.320676268364341
"1062",0.356197851834085,0.307829713025704
"1063",0.326331154168015,0.261725318290515
"1064",0.384328321649838,0.311383361333705
"1065",0.254858103000811,0.137377492069121
"1066",0.426145239478333,0.137407530418526
"1067",0.397554271252537,0.252484865151002
"1068",0.463261173181675,0.0434243588702881
"1069",0.346256344103124,0.357924646958746
"1070",0.402832491950773,0.216435759435376
"1071",0.303911120399454,0.317308436886495
"1072",0.311696707184352,0.0725255613476376
"1073",0.369613305137295,0.189245289508467
"1074",0.588384559610876,0.284517654033347
"1075",0.32550819239891,0.212449286253468
"1076",0.340454460730342,0.121743773500777
"1077",0.268913952116397,0.304784968183026
"1078",0.33465499857916,0.227364370270645
"1079",0.346038200180058,0.165428941266969
"1080",0.42378535699685,0.246184052421409
"1081",0.217830531111515,0.190517050984256
"1082",0.286939989129142,0.220252737858049
"1083",0.277014309501953,0.32018903886789
"1084",0.300852180071073,0.222046663991661
"1085",0.338864888809014,0.268347412366021
"1086",0.414661788435296,0.123598460071782
"1087",0.396476720153469,0.282291250103055
"1088",0.301999328752034,0.302717484234909
"1089",0.458427620215121,0.279847785260193
"1090",0.301251807597216,0.261103933966017
"1091",0.420982428964392,0.296107851453579
"1092",0.315778916353945,0.323899300144061
"1093",0.318524821375207,0.251618268310656
"1094",0.399959908628772,0.209785953761317
"1095",0.389275822022668,0.254961381626747
"1096",0.270852023413204,0.0345550488931908
"1097",0.339003219257952,0.176869063652728
"1098",0.371010967584613,0.467896631207976
"1099",0.437262378208646,0.229264409789685
"1100",0.433108384764673,0.232716388391178
"1101",0.328962082719542,0.231993066644985
"1102",0.310114039267967,0.319036253607038
"1103",0.313258718625533,0.27441274209635
"1104",0.415279435511878,0.324417914295533
"1105",0.35370183045751,0.25462028552138
"1106",0.437717615376603,0.254859092386267
"1107",0.265143670838659,0.202272366030707
"1108",0.38549313801805,0.196945126513081
"1109",0.325408436584252,0.151165160927596
"1110",0.207902778085078,0.23481136517358
"1111",0.381283812362467,0.174161939252508
"1112",0.430867404222768,0.355045680156928
"1113",0.278943771032854,0.242905702245901
"1114",0.426933897734747,0.249704613738586
"1115",0.429018144984187,0.210667368188728
"1116",0.304763382870009,0.243305512173234
"1117",0.341062307113246,0.154733242934989
"1118",0.283272306800594,0.261939724257045
"1119",0.352703874273782,0.357011656369031
"1120",0.369988776448071,0.305494632015295
"1121",0.356976714853824,0.164517026578535
"1122",0.372568118627608,0.199483179570403
"1123",0.235701762213041,0.188789737575514
"1124",0.391814364968871,0.278927223452173
"1125",0.453281771473303,0.196843486456705
"1126",0.363549364283558,0.216686733969823
"1127",0.437247228311137,0.250843122495862
"1128",0.20663684783267,0.1316560027098
"1129",0.315754332220094,0.176838776760158
"1130",0.297159665468317,0.22245018842485
"1131",0.354308333359552,0.228205371154711
"1132",0.406159205722655,0.191768369813777
"1133",0.348790318883709,0.321653789063751
"1134",0.397251667475991,0.100568765069974
"1135",0.367934546879496,0.0939924945267399
"1136",0.391830138157752,0.18418759154103
"1137",0.500663078145961,0.244866007381465
"1138",0.377944463162388,0.243963340488294
"1139",0.349267560789503,0.364499428287775
"1140",0.41683774785001,0.310468070462235
"1141",0.3491782091213,0.215691532741684
"1142",0.447437872900686,0.308280751899835
"1143",0.394382680480778,0.30155957433948
"1144",0.330613372692129,0.281517060455179
"1145",0.364976575334383,0.255409235547328
"1146",0.42254329127424,0.283038826966869
"1147",0.247157766727029,0.686686739197334
"1148",0.0678271973414211,0.80783183652208
"1149",0.259949729812246,0.690335854193793
"1150",0.139520829332908,0.741217273568346
"1151",0.0938446178006373,0.645366823751785
"1152",0.216929189825507,0.562122928133152
"1153",0.185758560490577,0.635629788964499
"1154",0.103399168798525,0.554194373196942
"1155",0.20469370303341,0.544064088339709
"1156",0.229301499792486,0.635591758917782
"1157",0.186181907974021,0.553607578179641
"1158",0.129312300278241,0.694138369960412
"1159",0.122514081011279,0.601003453778014
"1160",0.106521239008208,0.818133095188037
"1161",0.161926124229985,0.744493655433069
"1162",0.180910873177663,0.622323361718546
"1163",0.229269432652807,0.584531792220878
"1164",0.276012308477732,0.752455388285428
"1165",0.277917311945084,0.721668538994183
"1166",0.225215885395326,0.668475500873886
"1167",0.0963230982452375,0.592731335596778
"1168",0.281493636447154,0.634829351944824
"1169",0.168700093610736,0.631695971263604
"1170",0.114564090738166,0.67092817362588
"1171",0.168683474299501,0.608410314594187
"1172",0.180309954676474,0.606285692585602
"1173",0.0205126798100655,0.544874699357518
"1174",0.109238271847232,0.585858930243555
"1175",0.196679589552567,0.622459376373961
"1176",0.0998083737157392,0.778821630991032
"1177",0.172679037645245,0.545715142671343
"1178",0.0830293125206746,0.675538865182884
"1179",0.10352344871928,0.623703337304207
"1180",0.184855419995333,0.666506465328699
"1181",0.130611952883011,0.633514609388478
"1182",0.222586272827074,0.591845928192275
"1183",0.21060159803289,0.674915515561922
"1184",0.0967253155066221,0.620435516878025
"1185",0.153923564609223,0.592512689541271
"1186",0.198833757212978,0.671016844795376
"1187",0.0253857930914985,0.748510911241051
"1188",0.161910760678218,0.703095681608916
"1189",0.0813305616515893,0.559966435382517
"1190",0.221499688674794,0.632160584199662
"1191",0.158169818499737,0.651040160280467
"1192",0.0708491040188511,0.59843200956357
"1193",0.131146469387944,0.622604952101191
"1194",0.124180335909708,0.52227482506039
"1195",0.2333582858539,0.74972617115722
"1196",0.245070416432004,0.511548796776777
"1197",0.192230340569736,0.691828642038571
"1198",0.170235700813003,0.723274489658873
"1199",0.0763413714466695,0.81804336488733
"1200",0.162918927891486,0.692597495763791
"1201",0.153482409075067,0.719890021035197
"1202",0.176832687756103,0.622197931254665
"1203",0.0936465361421295,0.565515605493172
"1204",0.0840957330856289,0.52223230281528
"1205",0.129350817698668,0.736637294294966
"1206",0.215238119336918,0.658014809233373
"1207",0.109027607905736,0.64556308109482
"1208",0.251639189975761,0.654187867691722
"1209",0.355663364891293,0.678604100602836
"1210",0.240914886621956,0.617067855961589
"1211",0.198120873909332,0.575042998701649
"1212",0.103934360013227,0.59537223034031
"1213",0.25258127778331,0.472029761257733
"1214",0.140371662366212,0.63794212147478
"1215",0.100358117631818,0.693624394823587
"1216",0.246173620206221,0.649508835645253
"1217",0.185255339299534,0.603560385529325
"1218",0.158615424429791,0.506882585998222
"1219",0.136679999161478,0.636590231241625
"1220",0.217722809111052,0.65070315145003
"1221",0.146001572384813,0.587480979420133
"1222",0.169124530757848,0.522118780138807
"1223",0.0777153330703606,0.695628504223393
"1224",0.132206143613296,0.579863006275059
"1225",0.130168150871909,0.552444822771487
"1226",0.151764909158699,0.630301183300753
"1227",0.156325951843667,0.726999246320443
"1228",0.139308291248294,0.650596154049352
"1229",0.23356957094988,0.594924572123695
"1230",0.290050128505294,0.79415490415577
"1231",0.137903381057387,0.750165137599601
"1232",0.304035039694299,0.648015378124935
"1233",0.115252604543587,0.600400816115807
"1234",0.151710056072061,0.589689500801777
"1235",0.0919987453285481,0.619041476914866
"1236",0.201246839316998,0.722452731933423
"1237",0.11899919326224,0.666950897406821
"1238",0.278285530462501,0.6566118971357
"1239",0.183652573711884,0.610176971710465
"1240",0.176806836784569,0.633783992926606
"1241",0.0936004352119634,0.595692496818473
"1242",0.0866478620457167,0.668755357867791
"1243",0.0733104767183338,0.664031974982878
"1244",0.159763664132812,0.632333160960667
"1245",0.265690804992291,0.716322684776951
"1246",0.230447804494233,0.698051516062206
"1247",0.187353449653421,0.723790376918481
"1248",0.0227613661701907,0.485009898699112
"1249",0.182214134661012,0.556297815193074
"1250",0.178436754809912,0.642421392047475
"1251",0.0934244172025723,0.513861698040236
"1252",0.147625367703621,0.685415251426586
"1253",0.0347039902304773,0.728504155484368
"1254",0.0957322234581346,0.593351021045305
"1255",0.0544505373630704,0.635861009356005
"1256",0.258339595044679,0.581674724630528
"1257",0.219552381614465,0.610263450659463
"1258",0.277821685565005,0.655916183736473
"1259",0.205055695556834,0.684740654611433
"1260",0.200499520004472,0.632624664957851
"1261",0.0956005135528999,0.740248499740611
"1262",0.178198217957667,0.611948693932163
"1263",0.132643886908366,0.635900731614015
"1264",0.18388079542157,0.5567141961867
"1265",0.0242041728660748,0.573031511454979
"1266",0.211562618281717,0.770218305175337
"1267",0.165772459564992,0.599187689356083
"1268",0.114783806838985,0.606425214111858
"1269",0.232585185273154,0.451005188958253
"1270",0.0776785842578925,0.636439648566062
"1271",0.284351334743077,0.689958815141719
"1272",0.119481834980577,0.614332614258497
"1273",0.23389741801167,0.774337517150426
"1274",0.0886192492094302,0.733768825119864
"1275",0.180577017499424,0.6714197180644
"1276",0.146488416442297,0.840256488842326
"1277",0.117920969642153,0.80238397907018
"1278",0.186454037445183,0.755148414398991
"1279",0.23253703707363,0.643973594153655
"1280",0.246717553913386,0.545300261820404
"1281",0.268002042898954,0.671406122299624
"1282",0.168854582498317,0.632053117706555
"1283",0.321451070704428,0.652163200985339
"1284",0.147832353006009,0.576500965033767
"1285",0.199824795330865,0.672359105720602
"1286",0.206643357569036,0.491433487700908
"1287",0.244470807239358,0.59554911942336
"1288",0.112599847123682,0.611090103907614
"1289",0.199444582125496,0.719617939953045
"1290",0.222134013341552,0.698698734766632
"1291",0.189556062755944,0.761830967654741
"1292",0.193180628627044,0.654009847232797
"1293",0.141231937182517,0.723939886825961
"1294",0.204300165932898,0.657386877046054
"1295",0.107130442023745,0.691497568124045
"1296",0.138494687165865,0.643120572121897
"1297",0.133758807323215,0.697843125795465
"1298",0.237199888871385,0.681765089836669
"1299",0.139822407469417,0.707016056457609
"1300",0.123765423382621,0.563870677563699
"1301",0.183339828099123,0.685716992924023
"1302",0.0905983561557621,0.592979017344185
"1303",0.224707183334824,0.560517381155373
"1304",0.223272733779863,0.632646834087862
"1305",0.166392002025258,0.833091008253233
"1306",0.234790150855963,0.625060612955034
"1307",0.210006113980051,0.721266888941146
"1308",0.128843982264758,0.75960004837229
"1309",0.19839333445059,0.708226508682665
"1310",0.190830492316834,0.653327931509153
"1311",0.00624304129072589,0.552618151673782
"1312",0.062555991111595,0.613593979750152
"1313",0.18663722666695,0.570918884541713
"1314",0.273652367666681,0.728354891670174
"1315",0.146689647877388,0.542360658775641
"1316",0.181913351960915,0.651118146802174
"1317",0.24475092945707,0.645231622929065
"1318",0.228282940482792,0.637934632968828
"1319",0.166710516849385,0.631364407744566
"1320",0.0356497390050007,0.669652164179051
"1321",0.18279246565603,0.666436386513498
"1322",0.143970030155086,0.615298952619006
"1323",0.260656515629319,0.661206775542697
"1324",0.0263461517272058,0.564759618117953
"1325",0.180951673371601,0.571345274794302
"1326",0.18158612458639,0.665254647607422
"1327",0.195107771697847,0.590019816372872
"1328",0.089365099304915,0.582624746167564
"1329",0.0672239695830527,0.719537466041358
"1330",0.0357558367866451,0.695701501043408
"1331",0.0975287094677363,0.461368206239871
"1332",0.220172266270804,0.665061209003542
"1333",0.14767421821181,0.52848285151953
"1334",0.238471144549754,0.760584673606609
"1335",0.0528173542981863,0.705262207125755
"1336",0.177914142992229,0.68312742697955
"1337",0.317690200566923,0.633382687654342
"1338",0.148432288264828,0.698179912894331
"1339",0.169969314380079,0.741553240802123
"1340",0.125348046351809,0.687521535333525
"1341",0.0164456587991016,0.664408603122398
"1342",0.144148665941828,0.533302398989557
"1343",0.248100662178478,0.624876624243202
"1344",0.145771042310907,0.657151617683288
"1345",0.127885829596702,0.63878784107585
"1346",0.198415923973146,0.645668701003498
"1347",0.123550163748309,0.606516546251645
"1348",0.123220599576354,0.649738581903077
"1349",0.220857713748415,0.674687185167185
"1350",0.299111289085973,0.669834186614931
"1351",0.00963219248710623,0.697562619496369
"1352",0.15732042986328,0.524516026485247
"1353",0.136395883271271,0.580473979075497
"1354",0.109587067761428,0.579491082966519
"1355",0.216526249551454,0.668290192509344
"1356",0.214022973781058,0.605953447646973
"1357",0.254380706158142,0.659620830365914
"1358",0.0691726780809082,0.751746571678258
"1359",0.0688639966876126,0.641454872089151
"1360",0.224919513962772,0.713799807599842
"1361",0.0395304623311104,0.697615382383315
"1362",0.0556238054821273,0.692821828837828
"1363",0.106206206120008,0.665568120639731
"1364",0.143631890049517,0.54963292072121
"1365",0.0866665089269567,0.68318944224053
"1366",0.238789156807316,0.596757700663348
"1367",0.25830247546653,0.642614285637453
"1368",0.179309285649781,0.638385469450309
"1369",0.125705939523014,0.635272542301897
"1370",0.145401752706956,0.655050036889729
"1371",0.253369967120803,0.573387542426892
"1372",0.111373110895616,0.656188342081146
"1373",0.134711805220557,0.740721497314025
"1374",0.0678223404778629,0.492296593479648
"1375",0.178021705672287,0.697415937087732
"1376",0.169988248550854,0.659633115313349
"1377",0.208455939335913,0.63666028982018
"1378",0.25195558667602,0.73256073295238
"1379",0.101483236414332,0.701041282980896
"1380",0.156328595117402,0.557621056482352
"1381",0.0929968043531837,0.66948912725476
"1382",0.312071564755654,0.673562437829537
"1383",0.0784681652975055,0.609507984765657
"1384",0.173562676599622,0.623728048856764
"1385",0.157378694388627,0.723077429467895
"1386",0.197394077270631,0.637910450760954
"1387",0.166883664171498,0.662791281852612
"1388",0.184845094900284,0.740367212474426
"1389",0.165118796106169,0.682294147767948
"1390",0.152109450863411,0.681282320112503
"1391",0.256451170451976,0.651632107757581
"1392",0.211724506884893,0.502565884631575
"1393",0.248075662455416,0.677969503954634
"1394",0.159431974105937,0.593450931430089
"1395",0.0815760384375028,0.754830391424486
"1396",0.127520683551534,0.743989061600741
"1397",0.186357768465405,0.68705284422772
"1398",0.0595264122537224,0.628911686339433
"1399",0.0319562692379413,0.582874086740733
"1400",0.224249704640713,0.607145003873341
"1401",0.198264551836036,0.740116884790384
"1402",0.17021133873288,0.587368019305196
"1403",0.156969420575646,0.775745910887268
"1404",0.16449704922373,0.565121218056411
"1405",0.0837038171755849,0.578998292098957
"1406",0.073706456984517,0.684839034618341
"1407",0.114241883252506,0.606119015114963
"1408",0.215573734032026,0.685794193952327
"1409",0.182849819494096,0.709930279313605
"1410",0.097698041775687,0.720567052775391
"1411",0.0329508919181174,0.620035103146197
"1412",0.119967158537567,0.523533500051362
"1413",0.00856165325266678,0.754508102672037
"1414",0.236892021118375,0.627630316011931
"1415",0.167046895659783,0.703772713647172
"1416",0.28315331094657,0.772629968474799
"1417",0.263460034981352,0.734608872835298
"1418",0.0692150098098848,0.632190758607826
"1419",0.204761890577257,0.715299203690367
"1420",0.160898135072008,0.645158467732841
"1421",0.174761801115008,0.613271507327013
"1422",0.298181947196484,0.647648349877933
"1423",0.225566595655243,0.644736517444568
"1424",0.107238513500215,0.682411258373123
"1425",0.133404867354674,0.641236862338814
"1426",0.148717495563804,0.730491303030834
"1427",0.123254133401029,0.748290937316776
"1428",0.227565870932965,0.604887631461997
"1429",0.205712581215739,0.725422494141669
"1430",0.180984932508426,0.63834523904992
"1431",0.251823341250799,0.737315027117366
"1432",0.133413283447435,0.665560260917205
"1433",0.0695021585160735,0.653502718394963
"1434",0.0302552159602749,0.600477447378739
"1435",0.115492881981281,0.721946302217453
"1436",0.17368967413863,0.643940537133694
"1437",0.206523527263794,0.638372949023175
"1438",0.164325260212385,0.601785400798676
"1439",0.259247131141863,0.534485412307692
"1440",0.05322711831974,0.579782033026549
"1441",0.315988876259919,0.597913110245917
"1442",0.138341831200754,0.530416555002399
"1443",0.195169548820808,0.596009195257129
"1444",0.00952285313967266,0.600387889410028
"1445",0.0747554259772544,0.62395454283859
"1446",0.142583027363507,0.645917811505358
"1447",0.176351371242065,0.71916751780139
"1448",0.154216750517376,0.699052498822736
"1449",0.103544423824874,0.548876154312766
"1450",0.0957663002703554,0.577488069850108
"1451",0.230967244446745,0.619320793679162
"1452",0.123935830180753,0.555338485906066
"1453",0.169940540324087,0.601466202409388
"1454",0.173044672855774,0.633939140607937
"1455",0.267992112914608,0.616973345443119
"1456",0.145084956282643,0.554863803334048
"1457",0.0338912585632394,0.52202112792716
"1458",0.205987989137396,0.676363673688289
"1459",0.131712782017814,0.551236619819902
"1460",0.210825889779407,0.599683873648303
"1461",0.282148159846503,0.71313060876755
"1462",0.134393030650562,0.644156064176199
"1463",0.2415811577529,0.650530889719794
"1464",0.171778893256947,0.689179575310238
"1465",0.195850913666271,0.720721817682222
"1466",0.0509884415230808,0.687378174606301
"1467",0.264380277411459,0.817250186277226
"1468",0.195028259531322,0.567424926719534
"1469",0.228195305872726,0.647051672921804
"1470",0.216365293190995,0.552475810183955
"1471",0.063319432540104,0.769936252331905
"1472",0.217842342614368,0.837934253770711
"1473",0.183441155603619,0.707182970488701
"1474",0.216311469790939,0.583090688385508
"1475",0.238753877997503,0.811890394889019
"1476",0.240240876003197,0.633931619835576
"1477",0.219833873236132,0.532092204429723
"1478",0.271245711272618,0.652698932852497
"1479",0.344162755547976,0.695842397441032
"1480",0.209291140434254,0.650612166143063
"1481",0.109339554031184,0.662366900125148
"1482",0.0600611336837228,0.65373004737962
"1483",0.0824467034478076,0.52785653893886
"1484",0.170684665936027,0.650635496134268
"1485",0.102938960274558,0.565837463066655
"1486",0.0669033839054313,0.672604517067453
"1487",0.179876978570711,0.689208097302987
"1488",0.128316892984335,0.664223693974617
"1489",0.0919230600833768,0.64169000117292
"1490",0.172906870528798,0.676408776187597
"1491",0.233573570311906,0.594672157898644
"1492",0.260511766425434,0.753992863933471
"1493",0.0405572160847779,0.725052523393997
"1494",0.180022588047261,0.673548966340194
"1495",0.125609359255822,0.656347358146474
"1496",0.270580656973087,0.64312548273314
"1497",0.180298607632759,0.560963325567301
"1498",0.207130230600805,0.639243676162035
"1499",0.0601061546432187,0.565914670109716
"1500",0.135254929815869,0.72244248728659
"1501",0.216037396607065,0.672135099441765
"1502",0.18789743087053,0.666414502995181
"1503",0.0101802496544247,0.606346548603582
"1504",0.0848288032000672,0.776947974526371
"1505",0.260981380352871,0.707461597205787
"1506",0.203612691424833,0.586123850567355
"1507",0.251390091144529,0.655304174288767
"1508",0.117857004035776,0.57971903610389
"1509",0.248235997644263,0.559598202237174
"1510",0.197374650793462,0.731823372092588
"1511",0.256496554495336,0.343242787862534
"1512",0.104041159081649,0.59031942888753
"1513",0.102287958188939,0.735895317850211
"1514",0.108580519822986,0.640769511468458
"1515",0.20647814842859,0.742577199323281
"1516",0.110042149228894,0.665606473694324
"1517",0.176208503132781,0.495718291500797
"1518",0.139392428260885,0.778195104532412
"1519",0.148577229797657,0.649172212748908
"1520",0.141599710355575,0.643490767544636
"1521",0.15639370454142,0.619666016677
"1522",0.0891111571997859,0.640395755425936
"1523",0.175897868835224,0.593994179212296
"1524",0.163679342246796,0.740248986890023
"1525",0.111204770516529,0.731924567105468
"1526",0.267311683681784,0.658870153671567
"1527",0.0890846987617787,0.663293909077231
"1528",0.155894674981245,0.653737995248606
"1529",0.281145514449753,0.608946029619989
"1530",0.281140913433252,0.593601088805174
"1531",0.3242630230248,0.621569281931636
"1532",0.12058080973533,0.605343908154207
"1533",0.332537505252181,0.657923913996952
"1534",0.121255195418818,0.565781856929716
"1535",0.224047768775519,0.5293093624738
"1536",0.0784947300001869,0.627722081390127
"1537",0.219814954364089,0.629393077778383
"1538",0.230644087068628,0.850463204148795
"1539",0.153234325248784,0.550158935214583
"1540",0.135498010193163,0.754731851867533
"1541",0.202609055359191,0.730139427490276
"1542",0.0970873899994985,0.56763502128996
"1543",0.119672051541457,0.770841130562504
"1544",0.106257892123228,0.74787944665171
"1545",0.16074297261893,0.633313127313449
"1546",0.118530117569176,0.641545750772775
"1547",0.0979979440777887,0.742821641817803
"1548",0.127107095746703,0.6057107107166
"1549",0.166582314228174,0.662759825774458
"1550",0.201694133719792,0.623363724658683
"1551",0.201181791889452,0.498173668130925
"1552",0.304048192540561,0.765106249725365
"1553",0.0824145298171867,0.622842093554251
"1554",0.105597853695266,0.68620221847882
"1555",0.140975946414273,0.594252627681653
"1556",0.131828397849614,0.659003304404423
"1557",0.562785971601475,0.742819044023211
"1558",0.666019365070515,0.764367738867015
"1559",0.628330284609399,0.932017132674487
"1560",0.577017013236271,0.791200794678948
"1561",0.628940831254931,0.867828157808692
"1562",0.571069498287163,0.772107571871677
"1563",0.764818965548859,0.875431966129454
"1564",0.653028602136778,0.949418545795305
"1565",0.685561447619006,0.754376975283423
"1566",0.695291780163418,0.716073402069256
"1567",0.716689595126772,0.886071381840509
"1568",0.575685846184783,0.80536016673127
"1569",0.509214666649383,0.742564957482971
"1570",0.70472649550613,0.821813530165104
"1571",0.762801109246431,0.766761523691831
"1572",0.760721736619737,0.790361420997653
"1573",0.526977979244304,0.837990880610873
"1574",0.611212155354809,0.918011997493656
"1575",0.572960695702792,0.852948264073127
"1576",0.565462758241043,0.717440457835683
"1577",0.564179651620562,0.775151954328082
"1578",0.70381638306998,0.96477188419805
"1579",0.645825350176023,0.721650280837556
"1580",0.665051429352886,0.773500902757606
"1581",0.632389939756052,0.890891429205443
"1582",0.699068225272314,0.872674539620169
"1583",0.527271130366723,0.797425115842543
"1584",0.719257491657805,0.816056276083224
"1585",0.839285071866951,0.95573807934194
"1586",0.703409346277923,0.774222168969349
"1587",0.814119990692421,0.763254198950597
"1588",0.730581369648489,0.941315576474477
"1589",0.634422911066887,0.737322728462431
"1590",0.46748956269882,0.855931100335353
"1591",0.652264495281578,0.807920418169222
"1592",0.562799359922861,0.851844801544669
"1593",0.523072880856958,0.800234870286291
"1594",0.637228530039343,0.796487500933154
"1595",0.747476399044589,0.797882033056621
"1596",0.794939094562622,0.976775768494448
"1597",0.684234069049966,0.98596887935402
"1598",0.73435470337897,0.873687295005684
"1599",0.617919068103215,0.845609334245798
"1600",0.668953293062034,0.782692095730962
"1601",0.775901019126314,0.763753474145435
"1602",0.654794975511626,0.847041731653983
"1603",0.656307189177706,0.830821408296743
"1604",0.550157806100531,0.758575662200957
"1605",0.430417025698523,0.978038688484865
"1606",0.747504414653985,0.860267532229173
"1607",0.697548657349335,0.812218298774825
"1608",0.622941906542013,0.750838335313946
"1609",0.700130638293042,0.777196347133644
"1610",0.657178933951441,0.718529480715094
"1611",0.545830593386098,0.817956298023698
"1612",0.696856319467753,0.755733742262168
"1613",0.648197328779216,0.759769412553337
"1614",0.612906335887866,0.782757811706131
"1615",0.558852276302993,0.879382957102865
"1616",0.794171793352805,0.790313069283892
"1617",0.74950899753538,0.771092785727903
"1618",0.700612470229197,0.834564916000791
"1619",0.596641351903045,0.773442742750411
"1620",0.626953245774522,0.827242466046584
"1621",0.623290066081886,0.837518793997603
"1622",0.537416152815051,0.823484099563955
"1623",0.619636675543807,0.719319471239292
"1624",0.522751128655009,0.830858104414754
"1625",0.629726591272497,0.815970462483723
"1626",0.555237134805001,0.753140456550743
"1627",0.701690406202488,0.933171171151476
"1628",0.741307362240959,0.829884587856122
"1629",0.615111611300568,0.739615779491597
"1630",0.738566695531865,0.784063794807333
"1631",0.479865519314083,0.855405662671689
"1632",0.561250959352798,0.844713752499359
"1633",0.547763515016378,0.79192973017148
"1634",0.616363271749709,0.758763183875688
"1635",0.571385133472545,0.761939338267005
"1636",0.776776459148194,0.913734734234766
"1637",0.644200903759138,0.763469263502754
"1638",0.571212901636348,0.769024514905771
"1639",0.672377925352004,0.781565335804715
"1640",0.691986211238376,0.844298034433895
"1641",0.583441611511006,0.769446864477217
"1642",0.619110583370585,0.870843955443494
"1643",0.604659398158727,0.847192070876734
"1644",0.635839521596791,0.893311782414111
"1645",0.540940845885121,0.840643474625249
"1646",0.690051967074307,0.753269511147842
"1647",0.619538564349758,0.826053204846425
"1648",0.643945879287176,0.848505132206186
"1649",0.735238290499188,0.740042355915196
"1650",0.674750466727624,0.866650580531858
"1651",0.759584736753491,0.912385242500709
"1652",0.66763886456055,0.902793418925543
"1653",0.815866837078758,0.89113910906623
"1654",0.709294468008336,0.881142808345466
"1655",0.548077830001389,0.715803726342584
"1656",0.641973181258,0.818192077368512
"1657",0.685299729612405,0.706229412124447
"1658",0.588309757991657,0.744705042228826
"1659",0.711055859479567,0.822353283601469
"1660",0.709338348790722,0.824979631359794
"1661",0.635438341264485,0.666231412993213
"1662",0.700074039138897,0.875106936217127
"1663",0.553154158524791,0.832555797800131
"1664",0.657648425620622,0.727083259431003
"1665",0.638794197725416,0.907481669833278
"1666",0.70071797052944,0.775718401210056
"1667",0.6395320620973,0.738136648177296
"1668",0.763476385444846,0.806505985124457
"1669",0.530754226251037,0.804975250594442
"1670",0.731926951336202,0.716200433404059
"1671",0.530547466163101,0.732727183556079
"1672",0.675541646124675,0.859076133134196
"1673",0.756596003089998,0.829319904705402
"1674",0.667106088627115,0.72132790393836
"1675",0.69751325165681,0.837452102763318
"1676",0.66647655125013,0.782216974612239
"1677",0.67634271067242,0.800853402487368
"1678",0.648227576659116,0.719654784032026
"1679",0.719197073386688,0.738183470520016
"1680",0.611793820184514,0.878831507556285
"1681",0.493748972036334,0.943239734629329
"1682",0.725276339549389,0.751969671495936
"1683",0.689971713889106,0.792452779658687
"1684",0.594661903626399,0.79327882517638
"1685",0.626014761814591,0.725239763446345
"1686",0.741105457892832,0.622820797600068
"1687",0.665660698655906,0.814519588806795
"1688",0.785922663978787,0.801268170292911
"1689",0.643174135022894,0.733756324208149
"1690",0.605735147662114,0.796961591553745
"1691",0.591846554765191,0.772824647404887
"1692",0.665487986028824,0.822727642279335
"1693",0.661760439464229,0.81965541635839
"1694",0.588380100354355,0.865590074041733
"1695",0.634424357868655,0.870867188725071
"1696",0.684320536937065,0.745581247530899
"1697",0.590893704789014,0.767173178984326
"1698",0.49239735354926,0.854407333711334
"1699",0.722003603428839,0.791666949046707
"1700",0.647588047132891,0.713460883993469
"1701",0.691053587584773,0.726006717494881
"1702",0.570486042279548,0.651185754406665
"1703",0.633297985478609,0.833915497692524
"1704",0.774561472304532,0.702042280590063
"1705",0.721883678567596,0.707952179913285
"1706",0.789620949602766,0.769609644925265
"1707",0.692222199796465,0.784194835796862
"1708",0.62320649873653,0.726907312279121
"1709",0.589650325399992,0.841643499289727
"1710",0.711187603182781,0.994701953485526
"1711",0.763597416514946,0.650021973523626
"1712",0.58915066327994,0.749020955928637
"1713",0.640137288507199,0.830622830525926
"1714",0.62760177967648,0.717691982419649
"1715",0.69583023595042,0.985038290772342
"1716",0.509918571777729,0.735288918313606
"1717",0.492999765209681,0.830536969805844
"1718",0.668262724862194,0.742699175699404
"1719",0.739151046942482,0.712300526005443
"1720",0.830432414512438,0.836850905992504
"1721",0.713322587328544,0.975074864203476
"1722",0.610969061705566,0.760785612854228
"1723",0.61213611926287,0.639855141663165
"1724",0.539744522096397,0.758461045013012
"1725",0.708536920463484,0.795913439798314
"1726",0.564201157931812,0.87387621725054
"1727",0.656012971859247,0.773923692790932
"1728",0.667367808762106,0.77317149974709
"1729",0.542670394610496,0.905249860285443
"1730",0.761772765630634,0.909649584603489
"1731",0.73962117863116,0.881496496096703
"1732",0.637231439595314,0.759988975008524
"1733",0.562697408452722,0.86670026821122
"1734",0.631830732365821,0.829587592487826
"1735",0.660668210282504,0.758120870412076
"1736",0.773513061592461,0.634125351066355
"1737",0.680815811108444,0.777850142453733
"1738",0.728232543075101,0.842944397415933
"1739",0.636251316835801,0.789632611766014
"1740",0.605140523619584,0.722953523597901
"1741",0.67713177244984,0.792176800452773
"1742",0.710886025564356,0.780197498933629
"1743",0.614212541425823,0.918591726343257
"1744",0.724792593375519,0.77097780256334
"1745",0.527005588516162,0.814077643780965
"1746",0.714058497085266,0.786004607982017
"1747",0.615522082189244,0.856977114391721
"1748",0.6040093807302,0.899074304454819
"1749",0.671865455017748,0.807001311661075
"1750",0.577287410706606,0.800353364636518
"1751",0.585389961798207,0.867918137415574
"1752",0.627102533410142,0.825204926351558
"1753",0.69801001530762,0.756453648824799
"1754",0.486122711548704,0.949240282661855
"1755",0.678831451653856,0.74318778439826
"1756",0.5030509101916,0.803354843413004
"1757",0.670843327381995,0.697851305472991
"1758",0.626645967403404,0.851792794937349
"1759",0.546808785987743,0.698650267728853
"1760",0.660127019768021,0.79567237503896
"1761",0.611609560239471,0.753652611992385
"1762",0.661666505800837,0.737427014260418
"1763",0.677806595982167,0.745291205855758
"1764",0.7091938775007,0.724519072283695
"1765",0.631620636697813,0.844501013804381
"1766",0.699998440598053,0.716803812184425
"1767",0.608482410222122,0.763838185929032
"1768",0.708642154658344,0.801521475777755
"1769",0.693916679851071,0.747208022845403
"1770",0.58203963937252,0.775474762097185
"1771",0.692585012135161,0.839854348089428
"1772",0.635435737236858,0.822539740508641
"1773",0.609363877404278,0.785530838062191
"1774",0.705993682529631,0.896523345842245
"1775",0.688416021379993,0.80423000753655
"1776",0.764604971182483,0.65379400279844
"1777",0.574432757234668,0.812501774708258
"1778",0.736126117421728,0.789941446169563
"1779",0.637310294705,0.781733923372594
"1780",0.536271846379075,0.802421667702513
"1781",0.666842128833341,0.916908340796103
"1782",0.608227146844306,0.896786489352504
"1783",0.666708840555575,0.803876257312719
"1784",0.625882785513308,0.777858605194231
"1785",0.656979455767597,0.807009682652378
"1786",0.7036972063888,0.799488644787383
"1787",0.684102625581784,0.806696273008125
"1788",0.764659630518377,0.741146938391331
"1789",0.560257526197942,0.774152574595031
"1790",0.675785164193315,0.777100337070369
"1791",0.682767232989029,0.713198389768171
"1792",0.623534356752958,0.681456278649593
"1793",0.70679937635085,0.708196365349389
"1794",0.576870924586566,0.85961302841567
"1795",0.52086800505315,0.883221665752153
"1796",0.624321194192892,0.887708567775548
"1797",0.748717458738882,0.964442017780635
"1798",0.568339893018339,0.841420461451248
"1799",0.707079078640734,0.823124712734706
"1800",0.623212321469035,0.8536495523442
"1801",0.636515309769815,0.955289245001275
"1802",0.531901889397996,0.77317773780752
"1803",0.628775356524128,0.809015238112764
"1804",0.732179160602446,0.878148303621645
"1805",0.702803727705365,0.780852728081438
"1806",0.629371744978406,0.779670456447327
"1807",0.687180476563401,0.773996630402521
"1808",0.764557742650349,0.802472624550818
"1809",0.558816368124969,0.825437465645803
"1810",0.738771640420738,0.815626104974974
"1811",0.67403987091314,0.714591884259681
"1812",0.67564130998366,0.808650610967066
"1813",0.713387383384828,0.810747175214233
"1814",0.604834788132385,0.893647960062846
"1815",0.807638090664765,0.794684672649484
"1816",0.594188705271447,0.811408271020135
"1817",0.538089278208129,0.903514397563248
"1818",0.718998439649719,0.71970794720641
"1819",0.688994933864932,0.829197109982425
"1820",0.619025926822981,0.875613632099903
"1821",0.630647673659362,0.712590359017249
"1822",0.56235784758332,0.642444212341247
"1823",0.679765275713893,0.764330283398402
"1824",0.683678826814077,0.822610313963796
"1825",0.62454000196945,0.670116573931692
"1826",0.641943576721461,0.847346354054409
"1827",0.676666935397902,0.675976078398888
"1828",0.652251805121072,0.888191833583727
"1829",0.657118945236838,0.823872417382917
"1830",0.535502831336332,0.960714898485126
"1831",0.678907193307822,0.787390691359401
"1832",0.623461956232696,0.716747195676228
"1833",0.69509909670887,0.846870342073998
"1834",0.641905285897643,0.738579123000832
"1835",0.56856593267399,0.873138475207589
"1836",0.760447775336021,0.954707446025468
"1837",0.595628888158868,0.920480571874701
"1838",0.626500391921468,0.809451054104843
"1839",0.587369104280556,0.720309991189691
"1840",0.646877555180149,0.84248870553672
"1841",0.659836832660521,0.940094983330072
"1842",0.636051692914201,0.776897975410754
"1843",0.661035744434261,0.862685988084432
"1844",0.763876628855013,0.845997166231556
"1845",0.723993965755839,0.786837381791197
"1846",0.660140804799529,0.720458244903956
"1847",0.672402692480858,0.891123032027116
"1848",0.724828517376217,0.732101112657527
"1849",0.709554772161181,0.826852975348965
"1850",0.63710592832018,0.848792167774857
"1851",0.665325838044733,0.728663650681785
"1852",0.688938503226131,0.778145097214466
"1853",0.70570538747004,0.736430935065425
"1854",0.627480668872458,0.921860138472588
"1855",0.594909603232956,0.778327114340089
"1856",0.642005054009916,0.720193720930111
"1857",0.653837463124588,0.834466906133856
"1858",0.718069065391535,0.74619461325772
"1859",0.70577622818562,0.862413633598992
"1860",0.64515056634318,0.752564648694271
"1861",0.736058289531448,0.633892781206263
"1862",0.624153876093757,0.716477439131318
"1863",0.772009891101028,0.870068800001703
"1864",0.727606184082611,0.83402609797229
"1865",0.448296336372136,0.659138736498222
"1866",0.658989202581203,0.821201675932311
"1867",0.597769957419981,0.734665411725643
"1868",0.68522666565452,0.760357380559331
"1869",0.779068846656117,0.852520855216044
"1870",0.596248032876838,0.730288723447317
"1871",0.726732788917135,0.829659046359096
"1872",0.67196459139356,0.796130396862826
"1873",0.677441854725223,0.745826171842834
"1874",0.558490961417193,0.794833080009381
"1875",0.62120461459547,0.884332930072489
"1876",0.68988090595823,0.757122537530096
"1877",0.559939859169498,0.844910358947191
"1878",0.605855731593321,0.929473240557145
"1879",0.592035436129857,0.801149803330636
"1880",0.551443071481958,0.712354980055979
"1881",0.644550077742245,0.77498632049487
"1882",0.66390668459163,0.799896770798936
"1883",0.751548364170053,0.78769504962003
"1884",0.746777810519303,0.767493540572143
"1885",0.655279157335864,0.777469738547007
"1886",0.604304857873647,0.791813597691822
"1887",0.845711116398151,0.866363596822571
"1888",0.645404527420915,0.713118224759079
"1889",0.648857654634493,0.70434999233562
"1890",0.599839505757569,0.752152790042428
"1891",0.660856817547066,0.880101441427425
"1892",0.722377041454038,0.734781891067016
"1893",0.63278204848721,0.858854636412266
"1894",0.714152081079589,0.726473542783498
"1895",0.686560169882683,0.694451328860505
"1896",0.505275140742012,0.735041163343675
"1897",0.607102171067114,0.757411556012364
"1898",0.63942134447757,0.743100009015862
"1899",0.686639347551936,0.928101300812964
"1900",0.729704436493801,0.811185425816696
"1901",0.598767473745504,0.898398150502112
"1902",0.590899022084631,0.880081328210382
"1903",0.680371778839791,0.778237367009647
"1904",0.658660661473644,0.687058413347927
"1905",0.648873426989224,0.791380772168894
"1906",0.637756173914454,0.726864842010894
"1907",0.626779714333479,0.881129022459823
"1908",0.653220219922077,0.720737952497064
"1909",0.652609625170115,0.775227768033177
"1910",0.757159144372294,0.921776518872572
"1911",0.652781410143662,0.911450404834419
"1912",0.635602773054832,0.795970418146362
"1913",0.812207367973116,0.699589115619305
"1914",0.636463261696545,0.788929790707694
"1915",0.687684260484938,0.743821757573512
"1916",0.612530018997766,0.801025904910521
"1917",0.691965969084613,0.797307062802255
"1918",0.669259182458948,0.709999616500213
"1919",0.738490192910041,0.798492886378849
"1920",0.630033412970333,0.887137626283898
"1921",0.68057587458452,0.820688571990203
"1922",0.531758257981504,0.714117400608056
"1923",0.598718043304825,0.777811520872499
"1924",0.731201354309816,0.884133338568859
"1925",0.722166600026212,0.821040328961252
"1926",0.601511957185589,0.789634315536138
"1927",0.846312939493265,0.815098829928506
"1928",0.573859105955221,0.753735943314324
"1929",0.607601356972136,0.761777899915369
"1930",0.611193268476113,0.647539683443898
"1931",0.676594778775966,0.834765425022191
"1932",0.689828341414031,0.928920542448682
"1933",0.520703242086374,0.870948870300739
"1934",0.644881086238406,0.706179450621587
"1935",0.731313526476413,0.873064841042531
"1936",0.630684571097019,0.815186010582727
"1937",0.697300702589289,0.731891088966807
"1938",0.613228510409619,0.722365427716022
"1939",0.710179313877842,0.841556278035483
"1940",0.598698900850414,0.877933429636323
"1941",0.565742204062148,0.756529842375448
"1942",0.65270344814336,0.835624631001747
"1943",0.701647855840502,0.813435564598967
"1944",0.733377528323128,0.824277529979441
"1945",0.662321169829743,0.767470403513066
"1946",0.743041486059206,0.824193042478364
"1947",0.57192203191524,0.689181592105852
"1948",0.558508223406541,0.864293529795066
"1949",0.598120727441309,0.838956251769528
"1950",0.650554939116451,0.654290966741526
"1951",0.623563459768173,0.82912452957288
"1952",0.58366856332207,0.740792206210005
"1953",0.67771743351101,0.80977266615934
"1954",0.524668179452948,0.803587583471253
"1955",0.699521488946262,0.983239520114177
"1956",0.660409314653221,0.869772934313249
"1957",0.563984813234831,0.971208399336551
"1958",0.729150193754883,0.798755980079152
"1959",0.769760678887299,0.833479076066141
"1960",0.590553049703186,0.641634801433191
"1961",0.693081418825934,0.730508704046919
"1962",0.602283864156503,0.743773569067564
"1963",0.738016394841251,0.735774806916308
"1964",0.718018412481897,0.767957621549021
"1965",0.627681095878845,0.786049491456283
"1966",0.619248424787173,0.836780747188828
"1967",0.715429863261921,0.799464150679579
"1968",0.579423266464302,0.728985172207922
"1969",0.778686808985282,0.911443676455917
"1970",0.663458999113852,0.874293980265329
"1971",0.608445167835075,0.75868967351164
"1972",0.788393036609824,0.802165927825668
"1973",0.670555016983086,0.704075513425188
"1974",0.672469688392162,0.802337085292783
"1975",0.800781232243899,0.822229057931699
"1976",0.488247041878603,0.811671149312387
"1977",0.720826105810567,0.689808233612854
"1978",0.653375956877628,0.646231603414316
"1979",0.649294214396682,0.830794867379814
"1980",0.743553049294221,0.748182745677058
"1981",0.660744123175513,0.743797770082168
"1982",0.552772548110846,0.818184961538745
"1983",0.62820080748829,0.938927396010422
"1984",0.55624837083674,0.860348845853889
"1985",0.744676186450252,0.812659027918332
"1986",0.579432399670856,0.880444547690002
"1987",0.727636129512122,0.780260389066309
"1988",0.716537872900726,0.889686112231122
"1989",0.608209942603923,0.732082304340596
"1990",0.683421471827937,0.815569251497567
"1991",0.648448839390658,0.78973476102962
"1992",0.654147782759103,0.802541665993492
"1993",0.627202286789533,0.749733606276875
"1994",0.590201953609387,0.831654086697007
"1995",0.492677248345795,0.961713590804716
"1996",0.617005577270201,0.802653923574017
"1997",0.784655807036435,0.805406178811637
"1998",0.70973769992442,0.707291720115485
"1999",0.720891773091955,0.75966569309271
"2000",0.683474426454755,0.834778830259183
